,win_size,filters_conv_1,kernel_size_conv_1[0],kernel_size_conv_1[1],activation_conv_1,pool_size_1[0],pool_type_1,filters_conv_2,kernel_size_conv_2[0],activation_conv_2,dense_neurons,dense_activation,optimizer,loss,score
0,28,10,2,4,linear,8,max,5,3,elu,5,tanh,rmsprop,mean_squared_error,0.7196492124223658
,win_size,filters_conv_1,kernel_size_conv_1[0],kernel_size_conv_1[1],activation_conv_1,pool_size_1[0],pool_type_1,filters_conv_2,kernel_size_conv_2[0],activation_conv_2,dense_neurons,dense_activation,optimizer,loss,score
0,30,29,4,2,swish,11,max,10,1,sigmoid,16,swish,adagrad,mean_absolute_error,0.7729109036260227
,win_size,filters_conv_1,kernel_size_conv_1[0],kernel_size_conv_1[1],activation_conv_1,pool_size_1[0],pool_type_1,filters_conv_2,kernel_size_conv_2[0],activation_conv_2,dense_neurons,dense_activation,optimizer,loss,score
0,18,30,2,2,relu,4,max,8,2,relu,23,relu,adadelta,mean_squared_logarithmic_error,0.8298986899102807
,win_size,filters_conv_1,kernel_size_conv_1[0],kernel_size_conv_1[1],activation_conv_1,pool_size_1[0],pool_type_1,filters_conv_2,kernel_size_conv_2[0],activation_conv_2,dense_neurons,dense_activation,optimizer,loss,score
0,39,11,12,5,swish,3,average,5,8,tanh,9,sigmoid,sgd,mean_squared_logarithmic_error,0.7692100239340791
,win_size,filters_conv_1,kernel_size_conv_1[0],kernel_size_conv_1[1],activation_conv_1,pool_size_1[0],pool_type_1,filters_conv_2,kernel_size_conv_2[0],activation_conv_2,dense_neurons,dense_activation,optimizer,loss,score
0,20,23,3,2,tanh,1,average,10,7,linear,446,elu,sgd,mean_squared_error,
,win_size,filters_conv_1,kernel_size_conv_1[0],kernel_size_conv_1[1],activation_conv_1,pool_size_1[0],pool_type_1,filters_conv_2,kernel_size_conv_2[0],activation_conv_2,dense_neurons,dense_activation,optimizer,loss,score
0,17,11,4,4,tanh,7,max,5,2,linear,7,tanh,adadelta,mean_absolute_error,0.7111303686004711
,win_size,filters_conv_1,kernel_size_conv_1[0],kernel_size_conv_1[1],activation_conv_1,pool_size_1[0],pool_type_1,filters_conv_2,kernel_size_conv_2[0],activation_conv_2,dense_neurons,dense_activation,optimizer,loss,score
0,38,18,5,2,sigmoid,7,average,6,3,sigmoid,25,swish,sgd,mean_absolute_percentage_error,0.93567159410641
,win_size,filters_conv_1,kernel_size_conv_1[0],kernel_size_conv_1[1],activation_conv_1,pool_size_1[0],pool_type_1,filters_conv_2,kernel_size_conv_2[0],activation_conv_2,dense_neurons,dense_activation,optimizer,loss,score
0,17,27,3,2,relu,6,max,12,1,tanh,57,sigmoid,adadelta,mean_squared_error,0.8695110629230234
,win_size,filters_conv_1,kernel_size_conv_1[0],kernel_size_conv_1[1],activation_conv_1,pool_size_1[0],pool_type_1,filters_conv_2,kernel_size_conv_2[0],activation_conv_2,dense_neurons,dense_activation,optimizer,loss,score
0,27,29,5,5,sigmoid,10,max,10,1,linear,14,tanh,rmsprop,mean_squared_error,0.8587384806748151
,win_size,filters_conv_1,kernel_size_conv_1[0],kernel_size_conv_1[1],activation_conv_1,pool_size_1[0],pool_type_1,filters_conv_2,kernel_size_conv_2[0],activation_conv_2,dense_neurons,dense_activation,optimizer,loss,score
0,40,18,6,5,tanh,11,max,8,2,tanh,11,tanh,adagrad,mean_absolute_error,0.707823501135852
,win_size,filters_conv_1,kernel_size_conv_1[0],kernel_size_conv_1[1],activation_conv_1,pool_size_1[0],pool_type_1,filters_conv_2,kernel_size_conv_2[0],activation_conv_2,dense_neurons,dense_activation,optimizer,loss,score
0,28,19,2,5,swish,6,average,5,4,linear,5,tanh,adam,mean_squared_error,0.6469592082701463
,win_size,filters_conv_1,kernel_size_conv_1[0],kernel_size_conv_1[1],activation_conv_1,pool_size_1[0],pool_type_1,filters_conv_2,kernel_size_conv_2[0],activation_conv_2,dense_neurons,dense_activation,optimizer,loss,score
0,22,23,7,4,elu,1,average,7,15,swish,21,elu,adam,mean_absolute_percentage_error,0.6882796004842392
,win_size,filters_conv_1,kernel_size_conv_1[0],kernel_size_conv_1[1],activation_conv_1,pool_size_1[0],pool_type_1,filters_conv_2,kernel_size_conv_2[0],activation_conv_2,dense_neurons,dense_activation,optimizer,loss,score
0,39,27,2,1,tanh,3,average,10,4,linear,292,swish,adagrad,mean_squared_logarithmic_error,0.7750023696833617
,win_size,filters_conv_1,kernel_size_conv_1[0],kernel_size_conv_1[1],activation_conv_1,pool_size_1[0],pool_type_1,filters_conv_2,kernel_size_conv_2[0],activation_conv_2,dense_neurons,dense_activation,optimizer,loss,score
0,10,22,2,4,elu,1,average,7,6,swish,45,elu,adam,mean_absolute_percentage_error,0.5844061192200795
,win_size,filters_conv_1,kernel_size_conv_1[0],kernel_size_conv_1[1],activation_conv_1,pool_size_1[0],pool_type_1,filters_conv_2,kernel_size_conv_2[0],activation_conv_2,dense_neurons,dense_activation,optimizer,loss,score
0,22,22,7,4,elu,1,average,7,16,swish,5,elu,adam,mean_absolute_percentage_error,0.5844994645719829
,win_size,filters_conv_1,kernel_size_conv_1[0],kernel_size_conv_1[1],activation_conv_1,pool_size_1[0],pool_type_1,filters_conv_2,kernel_size_conv_2[0],activation_conv_2,dense_neurons,dense_activation,optimizer,loss,score
0,10,22,2,4,elu,1,average,7,6,swish,39,linear,adam,mean_absolute_percentage_error,0.6068762120442752
,win_size,filters_conv_1,kernel_size_conv_1[0],kernel_size_conv_1[1],activation_conv_1,pool_size_1[0],pool_type_1,filters_conv_2,kernel_size_conv_2[0],activation_conv_2,dense_neurons,dense_activation,optimizer,loss,score
0,10,22,2,3,elu,1,average,7,8,swish,32,elu,adam,mean_absolute_percentage_error,0.5822480816482136
,win_size,filters_conv_1,kernel_size_conv_1[0],kernel_size_conv_1[1],activation_conv_1,pool_size_1[0],pool_type_1,filters_conv_2,kernel_size_conv_2[0],activation_conv_2,dense_neurons,dense_activation,optimizer,loss,score
0,12,23,3,3,elu,2,average,7,5,swish,17,elu,adam,mean_absolute_percentage_error,0.6712730222222707
,win_size,filters_conv_1,kernel_size_conv_1[0],kernel_size_conv_1[1],activation_conv_1,pool_size_1[0],pool_type_1,filters_conv_2,kernel_size_conv_2[0],activation_conv_2,dense_neurons,dense_activation,optimizer,loss,score
0,10,15,2,3,elu,2,average,6,4,swish,15,elu,adam,mean_absolute_percentage_error,0.6726316070284311
,win_size,filters_conv_1,kernel_size_conv_1[0],kernel_size_conv_1[1],activation_conv_1,pool_size_1[0],pool_type_1,filters_conv_2,kernel_size_conv_2[0],activation_conv_2,dense_neurons,dense_activation,optimizer,loss,score
0,13,25,2,3,elu,2,average,9,6,swish,25,elu,adam,mean_absolute_percentage_error,0.5729205933939414
,win_size,filters_conv_1,kernel_size_conv_1[0],kernel_size_conv_1[1],activation_conv_1,pool_size_1[0],pool_type_1,filters_conv_2,kernel_size_conv_2[0],activation_conv_2,dense_neurons,dense_activation,optimizer,loss,score
0,14,25,3,3,linear,2,average,9,6,relu,26,elu,adam,mean_absolute_percentage_error,0.6463276620576817
,win_size,filters_conv_1,kernel_size_conv_1[0],kernel_size_conv_1[1],activation_conv_1,pool_size_1[0],pool_type_1,filters_conv_2,kernel_size_conv_2[0],activation_conv_2,dense_neurons,dense_activation,optimizer,loss,score
0,14,15,3,1,elu,2,average,6,5,elu,33,relu,sgd,mean_absolute_percentage_error,0.9355757005732802
,win_size,filters_conv_1,kernel_size_conv_1[0],kernel_size_conv_1[1],activation_conv_1,pool_size_1[0],pool_type_1,filters_conv_2,kernel_size_conv_2[0],activation_conv_2,dense_neurons,dense_activation,optimizer,loss,score
0,14,25,3,3,linear,2,average,9,6,relu,26,relu,adam,mean_absolute_percentage_error,0.5592516249426644
,win_size,filters_conv_1,kernel_size_conv_1[0],kernel_size_conv_1[1],activation_conv_1,pool_size_1[0],pool_type_1,filters_conv_2,kernel_size_conv_2[0],activation_conv_2,dense_neurons,dense_activation,optimizer,loss,score
0,14,21,2,3,elu,1,average,8,9,swish,48,elu,adam,mean_absolute_percentage_error,0.6711722773125608
,win_size,filters_conv_1,kernel_size_conv_1[0],kernel_size_conv_1[1],activation_conv_1,pool_size_1[0],pool_type_1,filters_conv_2,kernel_size_conv_2[0],activation_conv_2,dense_neurons,dense_activation,optimizer,loss,score
0,14,25,2,3,linear,3,average,9,3,relu,31,relu,adam,mean_absolute_percentage_error,0.6793727323223088
,win_size,filters_conv_1,kernel_size_conv_1[0],kernel_size_conv_1[1],activation_conv_1,pool_size_1[0],pool_type_1,filters_conv_2,kernel_size_conv_2[0],activation_conv_2,dense_neurons,dense_activation,optimizer,loss,score
0,20,26,3,3,linear,4,average,11,3,relu,32,relu,adam,mean_absolute_percentage_error,0.6230003135423965
,win_size,filters_conv_1,kernel_size_conv_1[0],kernel_size_conv_1[1],activation_conv_1,pool_size_1[0],pool_type_1,filters_conv_2,kernel_size_conv_2[0],activation_conv_2,dense_neurons,dense_activation,optimizer,loss,score
0,21,25,3,2,linear,4,average,11,3,relu,56,linear,adam,mean_absolute_percentage_error,0.6378225907002315
,win_size,filters_conv_1,kernel_size_conv_1[0],kernel_size_conv_1[1],activation_conv_1,pool_size_1[0],pool_type_1,filters_conv_2,kernel_size_conv_2[0],activation_conv_2,dense_neurons,dense_activation,optimizer,loss,score
0,34,24,11,3,relu,5,average,9,4,swish,19,relu,rmsprop,mean_absolute_percentage_error,0.507960288006202
,win_size,filters_conv_1,kernel_size_conv_1[0],kernel_size_conv_1[1],activation_conv_1,pool_size_1[0],pool_type_1,filters_conv_2,kernel_size_conv_2[0],activation_conv_2,dense_neurons,dense_activation,optimizer,loss,score
0,12,24,3,2,linear,2,average,9,5,relu,28,linear,rmsprop,mean_absolute_percentage_error,0.517372413078962
,win_size,filters_conv_1,kernel_size_conv_1[0],kernel_size_conv_1[1],activation_conv_1,pool_size_1[0],pool_type_1,filters_conv_2,kernel_size_conv_2[0],activation_conv_2,dense_neurons,dense_activation,optimizer,loss,score
0,34,20,9,1,relu,13,average,9,1,relu,70,linear,rmsprop,mean_absolute_error,1.0554780641206356
,win_size,filters_conv_1,kernel_size_conv_1[0],kernel_size_conv_1[1],activation_conv_1,pool_size_1[0],pool_type_1,filters_conv_2,kernel_size_conv_2[0],activation_conv_2,dense_neurons,dense_activation,optimizer,loss,score
0,32,28,10,2,relu,5,average,14,4,sigmoid,18,relu,rmsprop,mean_squared_logarithmic_error,0.9321938397735228
,win_size,filters_conv_1,kernel_size_conv_1[0],kernel_size_conv_1[1],activation_conv_1,pool_size_1[0],pool_type_1,filters_conv_2,kernel_size_conv_2[0],activation_conv_2,dense_neurons,dense_activation,optimizer,loss,score
0,32,24,9,2,relu,5,average,9,4,elu,27,relu,rmsprop,mean_squared_logarithmic_error,0.8993949089619351
,win_size,filters_conv_1,kernel_size_conv_1[0],kernel_size_conv_1[1],activation_conv_1,pool_size_1[0],pool_type_1,filters_conv_2,kernel_size_conv_2[0],activation_conv_2,dense_neurons,dense_activation,optimizer,loss,score
0,25,24,4,2,linear,5,average,10,4,relu,28,linear,rmsprop,mean_absolute_error,0.8123624114805796
,win_size,filters_conv_1,kernel_size_conv_1[0],kernel_size_conv_1[1],activation_conv_1,pool_size_1[0],pool_type_1,filters_conv_2,kernel_size_conv_2[0],activation_conv_2,dense_neurons,dense_activation,optimizer,loss,score
0,25,27,4,3,linear,3,average,10,5,relu,39,linear,rmsprop,mean_absolute_percentage_error,0.6268531279232996
,win_size,filters_conv_1,kernel_size_conv_1[0],kernel_size_conv_1[1],activation_conv_1,pool_size_1[0],pool_type_1,filters_conv_2,kernel_size_conv_2[0],activation_conv_2,dense_neurons,dense_activation,optimizer,loss,score
0,16,27,3,3,linear,3,average,11,4,relu,20,relu,rmsprop,mean_absolute_percentage_error,0.7804451043656915
,win_size,filters_conv_1,kernel_size_conv_1[0],kernel_size_conv_1[1],activation_conv_1,pool_size_1[0],pool_type_1,filters_conv_2,kernel_size_conv_2[0],activation_conv_2,dense_neurons,dense_activation,optimizer,loss,score
0,19,26,3,3,linear,2,average,8,7,sigmoid,21,relu,rmsprop,mean_absolute_percentage_error,0.7071493024947678
,win_size,filters_conv_1,kernel_size_conv_1[0],kernel_size_conv_1[1],activation_conv_1,pool_size_1[0],pool_type_1,filters_conv_2,kernel_size_conv_2[0],activation_conv_2,dense_neurons,dense_activation,optimizer,loss,score
0,12,30,3,2,swish,2,max,12,5,sigmoid,23,relu,rmsprop,mean_absolute_percentage_error,0.6511770584199172
,win_size,filters_conv_1,kernel_size_conv_1[0],kernel_size_conv_1[1],activation_conv_1,pool_size_1[0],pool_type_1,filters_conv_2,kernel_size_conv_2[0],activation_conv_2,dense_neurons,dense_activation,optimizer,loss,score
0,36,30,12,2,swish,4,max,13,5,elu,38,sigmoid,adagrad,mean_absolute_percentage_error,0.6551164351997824
,win_size,filters_conv_1,kernel_size_conv_1[0],kernel_size_conv_1[1],activation_conv_1,pool_size_1[0],pool_type_1,filters_conv_2,kernel_size_conv_2[0],activation_conv_2,dense_neurons,dense_activation,optimizer,loss,score
0,36,24,12,4,relu,9,max,9,1,elu,24,sigmoid,adadelta,mean_absolute_percentage_error,0.845419725637779
,win_size,filters_conv_1,kernel_size_conv_1[0],kernel_size_conv_1[1],activation_conv_1,pool_size_1[0],pool_type_1,filters_conv_2,kernel_size_conv_2[0],activation_conv_2,dense_neurons,dense_activation,optimizer,loss,score
0,16,24,4,4,relu,2,average,9,5,tanh,24,swish,adadelta,mean_squared_error,0.9096936520121524
,win_size,filters_conv_1,kernel_size_conv_1[0],kernel_size_conv_1[1],activation_conv_1,pool_size_1[0],pool_type_1,filters_conv_2,kernel_size_conv_2[0],activation_conv_2,dense_neurons,dense_activation,optimizer,loss,score
0,16,20,4,2,relu,2,average,9,5,swish,12,swish,sgd,mean_squared_error,0.7274125170640201
,win_size,filters_conv_1,kernel_size_conv_1[0],kernel_size_conv_1[1],activation_conv_1,pool_size_1[0],pool_type_1,filters_conv_2,kernel_size_conv_2[0],activation_conv_2,dense_neurons,dense_activation,optimizer,loss,score
0,12,28,3,2,sigmoid,2,average,8,5,swish,13,linear,sgd,mean_squared_error,0.6107691245236275
,win_size,filters_conv_1,kernel_size_conv_1[0],kernel_size_conv_1[1],activation_conv_1,pool_size_1[0],pool_type_1,filters_conv_2,kernel_size_conv_2[0],activation_conv_2,dense_neurons,dense_activation,optimizer,loss,score
0,12,28,3,1,sigmoid,3,average,8,2,relu,36,linear,rmsprop,mean_absolute_error,0.7782486907061333
,win_size,filters_conv_1,kernel_size_conv_1[0],kernel_size_conv_1[1],activation_conv_1,pool_size_1[0],pool_type_1,filters_conv_2,kernel_size_conv_2[0],activation_conv_2,dense_neurons,dense_activation,optimizer,loss,score
0,12,23,2,3,elu,1,average,8,8,swish,37,elu,adam,mean_absolute_percentage_error,0.5869510267390055
,win_size,filters_conv_1,kernel_size_conv_1[0],kernel_size_conv_1[1],activation_conv_1,pool_size_1[0],pool_type_1,filters_conv_2,kernel_size_conv_2[0],activation_conv_2,dense_neurons,dense_activation,optimizer,loss,score
0,18,23,2,3,tanh,6,average,9,1,swish,29,elu,adam,mean_absolute_percentage_error,0.5911272300389698
,win_size,filters_conv_1,kernel_size_conv_1[0],kernel_size_conv_1[1],activation_conv_1,pool_size_1[0],pool_type_1,filters_conv_2,kernel_size_conv_2[0],activation_conv_2,dense_neurons,dense_activation,optimizer,loss,score
0,18,21,2,3,tanh,6,average,9,1,swish,29,elu,adagrad,mean_absolute_percentage_error,0.7822582924483773
,win_size,filters_conv_1,kernel_size_conv_1[0],kernel_size_conv_1[1],activation_conv_1,pool_size_1[0],pool_type_1,filters_conv_2,kernel_size_conv_2[0],activation_conv_2,dense_neurons,dense_activation,optimizer,loss,score
0,30,26,6,3,linear,8,max,10,2,linear,33,tanh,adadelta,mean_squared_logarithmic_error,0.784498471921104
,win_size,filters_conv_1,kernel_size_conv_1[0],kernel_size_conv_1[1],activation_conv_1,pool_size_1[0],pool_type_1,filters_conv_2,kernel_size_conv_2[0],activation_conv_2,dense_neurons,dense_activation,optimizer,loss,score
0,29,21,6,3,linear,7,average,9,2,linear,34,tanh,adagrad,mean_absolute_percentage_error,0.5352517881495663
,win_size,filters_conv_1,kernel_size_conv_1[0],kernel_size_conv_1[1],activation_conv_1,pool_size_1[0],pool_type_1,filters_conv_2,kernel_size_conv_2[0],activation_conv_2,dense_neurons,dense_activation,optimizer,loss,score
0,26,18,5,4,linear,7,average,8,2,linear,22,tanh,adagrad,mean_absolute_percentage_error,0.5683153314130263
,win_size,filters_conv_1,kernel_size_conv_1[0],kernel_size_conv_1[1],activation_conv_1,pool_size_1[0],pool_type_1,filters_conv_2,kernel_size_conv_2[0],activation_conv_2,dense_neurons,dense_activation,optimizer,loss,score
0,10,21,2,4,elu,1,average,8,7,tanh,30,relu,adam,mean_absolute_percentage_error,0.5931429884066203
,win_size,filters_conv_1,kernel_size_conv_1[0],kernel_size_conv_1[1],activation_conv_1,pool_size_1[0],pool_type_1,filters_conv_2,kernel_size_conv_2[0],activation_conv_2,dense_neurons,dense_activation,optimizer,loss,score
0,26,17,6,5,linear,7,average,5,2,linear,8,tanh,adagrad,mean_absolute_percentage_error,0.7732786186562655
,win_size,filters_conv_1,kernel_size_conv_1[0],kernel_size_conv_1[1],activation_conv_1,pool_size_1[0],pool_type_1,filters_conv_2,kernel_size_conv_2[0],activation_conv_2,dense_neurons,dense_activation,optimizer,loss,score
0,26,16,5,5,linear,7,average,6,2,linear,9,tanh,adagrad,mean_absolute_percentage_error,0.5739030315341883
,win_size,filters_conv_1,kernel_size_conv_1[0],kernel_size_conv_1[1],activation_conv_1,pool_size_1[0],pool_type_1,filters_conv_2,kernel_size_conv_2[0],activation_conv_2,dense_neurons,dense_activation,optimizer,loss,score
0,29,18,5,4,linear,8,max,8,2,linear,20,tanh,adagrad,mean_absolute_error,0.549893784323003
,win_size,filters_conv_1,kernel_size_conv_1[0],kernel_size_conv_1[1],activation_conv_1,pool_size_1[0],pool_type_1,filters_conv_2,kernel_size_conv_2[0],activation_conv_2,dense_neurons,dense_activation,optimizer,loss,score
0,28,19,7,4,linear,7,average,8,2,linear,20,tanh,adagrad,mean_absolute_percentage_error,0.6308216193011558
,win_size,filters_conv_1,kernel_size_conv_1[0],kernel_size_conv_1[1],activation_conv_1,pool_size_1[0],pool_type_1,filters_conv_2,kernel_size_conv_2[0],activation_conv_2,dense_neurons,dense_activation,optimizer,loss,score
0,30,18,5,4,linear,8,max,8,2,linear,22,tanh,adagrad,mean_absolute_error,0.8572466326910094
,win_size,filters_conv_1,kernel_size_conv_1[0],kernel_size_conv_1[1],activation_conv_1,pool_size_1[0],pool_type_1,filters_conv_2,kernel_size_conv_2[0],activation_conv_2,dense_neurons,dense_activation,optimizer,loss,score
0,29,18,5,4,linear,8,max,8,2,linear,20,tanh,adagrad,mean_absolute_error,0.8162028358961487
,win_size,filters_conv_1,kernel_size_conv_1[0],kernel_size_conv_1[1],activation_conv_1,pool_size_1[0],pool_type_1,filters_conv_2,kernel_size_conv_2[0],activation_conv_2,dense_neurons,dense_activation,optimizer,loss,score
0,23,13,5,4,linear,8,max,5,1,linear,18,tanh,adagrad,mean_absolute_error,0.8334283673298718
,win_size,filters_conv_1,kernel_size_conv_1[0],kernel_size_conv_1[1],activation_conv_1,pool_size_1[0],pool_type_1,filters_conv_2,kernel_size_conv_2[0],activation_conv_2,dense_neurons,dense_activation,optimizer,loss,score
0,24,19,6,4,linear,6,max,8,2,linear,16,tanh,adagrad,mean_absolute_error,0.8574246040585375
,win_size,filters_conv_1,kernel_size_conv_1[0],kernel_size_conv_1[1],activation_conv_1,pool_size_1[0],pool_type_1,filters_conv_2,kernel_size_conv_2[0],activation_conv_2,dense_neurons,dense_activation,optimizer,loss,score
0,33,17,8,5,linear,9,max,7,1,linear,11,tanh,adagrad,mean_squared_logarithmic_error,0.786802515400206
,win_size,filters_conv_1,kernel_size_conv_1[0],kernel_size_conv_1[1],activation_conv_1,pool_size_1[0],pool_type_1,filters_conv_2,kernel_size_conv_2[0],activation_conv_2,dense_neurons,dense_activation,optimizer,loss,score
0,32,17,6,5,linear,9,max,7,2,linear,11,tanh,adagrad,mean_absolute_error,0.854234903742811
,win_size,filters_conv_1,kernel_size_conv_1[0],kernel_size_conv_1[1],activation_conv_1,pool_size_1[0],pool_type_1,filters_conv_2,kernel_size_conv_2[0],activation_conv_2,dense_neurons,dense_activation,optimizer,loss,score
0,28,14,6,3,linear,9,average,6,1,linear,26,tanh,adagrad,mean_absolute_error,0.823718329751198
,win_size,filters_conv_1,kernel_size_conv_1[0],kernel_size_conv_1[1],activation_conv_1,pool_size_1[0],pool_type_1,filters_conv_2,kernel_size_conv_2[0],activation_conv_2,dense_neurons,dense_activation,optimizer,loss,score
0,30,19,7,4,swish,10,average,8,1,relu,22,sigmoid,rmsprop,mean_absolute_percentage_error,0.6414363306696755
,win_size,filters_conv_1,kernel_size_conv_1[0],kernel_size_conv_1[1],activation_conv_1,pool_size_1[0],pool_type_1,filters_conv_2,kernel_size_conv_2[0],activation_conv_2,dense_neurons,dense_activation,optimizer,loss,score
0,28,15,4,3,linear,7,average,6,2,linear,19,sigmoid,adagrad,mean_absolute_percentage_error,0.7902190240418974
,win_size,filters_conv_1,kernel_size_conv_1[0],kernel_size_conv_1[1],activation_conv_1,pool_size_1[0],pool_type_1,filters_conv_2,kernel_size_conv_2[0],activation_conv_2,dense_neurons,dense_activation,optimizer,loss,score
0,36,25,11,3,sigmoid,6,average,10,3,tanh,25,relu,sgd,mean_absolute_percentage_error,1.0006682421986872
,win_size,filters_conv_1,kernel_size_conv_1[0],kernel_size_conv_1[1],activation_conv_1,pool_size_1[0],pool_type_1,filters_conv_2,kernel_size_conv_2[0],activation_conv_2,dense_neurons,dense_activation,optimizer,loss,score
0,35,25,4,3,sigmoid,15,average,10,2,tanh,24,relu,adagrad,mean_absolute_percentage_error,0.8194824251345901
,win_size,filters_conv_1,kernel_size_conv_1[0],kernel_size_conv_1[1],activation_conv_1,pool_size_1[0],pool_type_1,filters_conv_2,kernel_size_conv_2[0],activation_conv_2,dense_neurons,dense_activation,optimizer,loss,score
0,13,22,3,3,relu,4,average,9,2,relu,23,swish,rmsprop,mean_absolute_percentage_error,0.5091004545019535
,win_size,filters_conv_1,kernel_size_conv_1[0],kernel_size_conv_1[1],activation_conv_1,pool_size_1[0],pool_type_1,filters_conv_2,kernel_size_conv_2[0],activation_conv_2,dense_neurons,dense_activation,optimizer,loss,score
0,13,22,3,3,relu,4,average,9,2,relu,22,swish,rmsprop,mean_absolute_percentage_error,0.63973582702256
,win_size,filters_conv_1,kernel_size_conv_1[0],kernel_size_conv_1[1],activation_conv_1,pool_size_1[0],pool_type_1,filters_conv_2,kernel_size_conv_2[0],activation_conv_2,dense_neurons,dense_activation,optimizer,loss,score
0,31,22,5,3,relu,5,average,9,3,relu,73,swish,rmsprop,mean_absolute_percentage_error,0.5718033690839421
,win_size,filters_conv_1,kernel_size_conv_1[0],kernel_size_conv_1[1],activation_conv_1,pool_size_1[0],pool_type_1,filters_conv_2,kernel_size_conv_2[0],activation_conv_2,dense_neurons,dense_activation,optimizer,loss,score
0,31,21,8,3,relu,5,average,9,3,relu,27,linear,rmsprop,mean_absolute_percentage_error,0.7129923574474422
,win_size,filters_conv_1,kernel_size_conv_1[0],kernel_size_conv_1[1],activation_conv_1,pool_size_1[0],pool_type_1,filters_conv_2,kernel_size_conv_2[0],activation_conv_2,dense_neurons,dense_activation,optimizer,loss,score
0,26,21,4,4,relu,5,average,9,2,relu,35,swish,rmsprop,mean_squared_error,0.7502200403378352
,win_size,filters_conv_1,kernel_size_conv_1[0],kernel_size_conv_1[1],activation_conv_1,pool_size_1[0],pool_type_1,filters_conv_2,kernel_size_conv_2[0],activation_conv_2,dense_neurons,dense_activation,optimizer,loss,score
0,38,20,8,4,relu,4,average,9,6,relu,18,swish,rmsprop,mean_squared_error,0.7972286346855243
,win_size,filters_conv_1,kernel_size_conv_1[0],kernel_size_conv_1[1],activation_conv_1,pool_size_1[0],pool_type_1,filters_conv_2,kernel_size_conv_2[0],activation_conv_2,dense_neurons,dense_activation,optimizer,loss,score
0,38,20,8,2,linear,4,average,9,6,relu,45,swish,rmsprop,mean_absolute_percentage_error,0.6101081153762785
,win_size,filters_conv_1,kernel_size_conv_1[0],kernel_size_conv_1[1],activation_conv_1,pool_size_1[0],pool_type_1,filters_conv_2,kernel_size_conv_2[0],activation_conv_2,dense_neurons,dense_activation,optimizer,loss,score
0,27,24,5,1,linear,7,average,10,2,sigmoid,41,relu,rmsprop,mean_absolute_percentage_error,0.48666511587663924
,win_size,filters_conv_1,kernel_size_conv_1[0],kernel_size_conv_1[1],activation_conv_1,pool_size_1[0],pool_type_1,filters_conv_2,kernel_size_conv_2[0],activation_conv_2,dense_neurons,dense_activation,optimizer,loss,score
0,27,23,5,3,relu,7,average,9,2,relu,52,swish,rmsprop,mean_absolute_percentage_error,0.6454871917496097
,win_size,filters_conv_1,kernel_size_conv_1[0],kernel_size_conv_1[1],activation_conv_1,pool_size_1[0],pool_type_1,filters_conv_2,kernel_size_conv_2[0],activation_conv_2,dense_neurons,dense_activation,optimizer,loss,score
0,24,24,5,1,linear,6,average,10,2,sigmoid,41,relu,rmsprop,mean_absolute_percentage_error,0.5884577689961167
,win_size,filters_conv_1,kernel_size_conv_1[0],kernel_size_conv_1[1],activation_conv_1,pool_size_1[0],pool_type_1,filters_conv_2,kernel_size_conv_2[0],activation_conv_2,dense_neurons,dense_activation,optimizer,loss,score
0,27,23,5,1,linear,7,average,10,2,sigmoid,42,relu,rmsprop,mean_absolute_percentage_error,0.537626638496595
,win_size,filters_conv_1,kernel_size_conv_1[0],kernel_size_conv_1[1],activation_conv_1,pool_size_1[0],pool_type_1,filters_conv_2,kernel_size_conv_2[0],activation_conv_2,dense_neurons,dense_activation,optimizer,loss,score
0,27,26,4,1,linear,8,average,11,2,sigmoid,64,relu,rmsprop,mean_absolute_percentage_error,0.5708215324301809
,win_size,filters_conv_1,kernel_size_conv_1[0],kernel_size_conv_1[1],activation_conv_1,pool_size_1[0],pool_type_1,filters_conv_2,kernel_size_conv_2[0],activation_conv_2,dense_neurons,dense_activation,optimizer,loss,score
0,15,26,3,1,linear,3,average,10,2,sigmoid,91,relu,rmsprop,mean_absolute_percentage_error,0.5283821449918611
,win_size,filters_conv_1,kernel_size_conv_1[0],kernel_size_conv_1[1],activation_conv_1,pool_size_1[0],pool_type_1,filters_conv_2,kernel_size_conv_2[0],activation_conv_2,dense_neurons,dense_activation,optimizer,loss,score
0,15,23,3,1,tanh,3,average,10,2,sigmoid,110,relu,rmsprop,mean_squared_logarithmic_error,0.7436346001940577
,win_size,filters_conv_1,kernel_size_conv_1[0],kernel_size_conv_1[1],activation_conv_1,pool_size_1[0],pool_type_1,filters_conv_2,kernel_size_conv_2[0],activation_conv_2,dense_neurons,dense_activation,optimizer,loss,score
0,15,22,3,1,linear,3,average,10,3,sigmoid,45,relu,rmsprop,mean_squared_logarithmic_error,0.8453328399010954
,win_size,filters_conv_1,kernel_size_conv_1[0],kernel_size_conv_1[1],activation_conv_1,pool_size_1[0],pool_type_1,filters_conv_2,kernel_size_conv_2[0],activation_conv_2,dense_neurons,dense_activation,optimizer,loss,score
0,11,24,2,1,linear,3,max,10,2,sigmoid,92,relu,rmsprop,mean_absolute_percentage_error,0.6229478834004811
,win_size,filters_conv_1,kernel_size_conv_1[0],kernel_size_conv_1[1],activation_conv_1,pool_size_1[0],pool_type_1,filters_conv_2,kernel_size_conv_2[0],activation_conv_2,dense_neurons,dense_activation,optimizer,loss,score
0,11,24,2,1,swish,4,max,10,2,sigmoid,41,relu,rmsprop,mean_absolute_percentage_error,0.5418623027947711
,win_size,filters_conv_1,kernel_size_conv_1[0],kernel_size_conv_1[1],activation_conv_1,pool_size_1[0],pool_type_1,filters_conv_2,kernel_size_conv_2[0],activation_conv_2,dense_neurons,dense_activation,optimizer,loss,score
0,21,27,5,1,swish,7,average,11,2,sigmoid,43,relu,rmsprop,mean_absolute_percentage_error,0.652401899638664
,win_size,filters_conv_1,kernel_size_conv_1[0],kernel_size_conv_1[1],activation_conv_1,pool_size_1[0],pool_type_1,filters_conv_2,kernel_size_conv_2[0],activation_conv_2,dense_neurons,dense_activation,optimizer,loss,score
0,11,23,2,1,swish,4,max,10,2,sigmoid,43,relu,rmsprop,mean_absolute_percentage_error,0.6184685833039797
,win_size,filters_conv_1,kernel_size_conv_1[0],kernel_size_conv_1[1],activation_conv_1,pool_size_1[0],pool_type_1,filters_conv_2,kernel_size_conv_2[0],activation_conv_2,dense_neurons,dense_activation,optimizer,loss,score
0,11,23,2,1,swish,4,max,10,2,sigmoid,41,relu,rmsprop,mean_absolute_percentage_error,0.6856359932147507
,win_size,filters_conv_1,kernel_size_conv_1[0],kernel_size_conv_1[1],activation_conv_1,pool_size_1[0],pool_type_1,filters_conv_2,kernel_size_conv_2[0],activation_conv_2,dense_neurons,dense_activation,optimizer,loss,score
0,13,24,3,1,swish,4,max,11,2,sigmoid,34,relu,rmsprop,mean_absolute_percentage_error,0.6319068821378724
,win_size,filters_conv_1,kernel_size_conv_1[0],kernel_size_conv_1[1],activation_conv_1,pool_size_1[0],pool_type_1,filters_conv_2,kernel_size_conv_2[0],activation_conv_2,dense_neurons,dense_activation,optimizer,loss,score
0,13,24,3,1,swish,4,max,11,2,sigmoid,41,relu,rmsprop,mean_absolute_percentage_error,0.5877295481641652
,win_size,filters_conv_1,kernel_size_conv_1[0],kernel_size_conv_1[1],activation_conv_1,pool_size_1[0],pool_type_1,filters_conv_2,kernel_size_conv_2[0],activation_conv_2,dense_neurons,dense_activation,optimizer,loss,score
0,13,22,3,1,linear,3,max,10,2,sigmoid,98,linear,rmsprop,mean_absolute_percentage_error,0.922599559890148
,win_size,filters_conv_1,kernel_size_conv_1[0],kernel_size_conv_1[1],activation_conv_1,pool_size_1[0],pool_type_1,filters_conv_2,kernel_size_conv_2[0],activation_conv_2,dense_neurons,dense_activation,optimizer,loss,score
0,31,22,7,1,linear,8,max,10,2,sigmoid,49,linear,adadelta,mean_absolute_percentage_error,0.8221195373595398
,win_size,filters_conv_1,kernel_size_conv_1[0],kernel_size_conv_1[1],activation_conv_1,pool_size_1[0],pool_type_1,filters_conv_2,kernel_size_conv_2[0],activation_conv_2,dense_neurons,dense_activation,optimizer,loss,score
0,29,25,4,2,tanh,5,average,9,4,elu,14,relu,rmsprop,mean_absolute_percentage_error,0.579888952496826
,win_size,filters_conv_1,kernel_size_conv_1[0],kernel_size_conv_1[1],activation_conv_1,pool_size_1[0],pool_type_1,filters_conv_2,kernel_size_conv_2[0],activation_conv_2,dense_neurons,dense_activation,optimizer,loss,score
0,29,26,4,2,linear,5,average,10,4,sigmoid,48,relu,adadelta,mean_absolute_percentage_error,0.9902799271010558
,win_size,filters_conv_1,kernel_size_conv_1[0],kernel_size_conv_1[1],activation_conv_1,pool_size_1[0],pool_type_1,filters_conv_2,kernel_size_conv_2[0],activation_conv_2,dense_neurons,dense_activation,optimizer,loss,score
0,29,26,4,2,relu,6,average,12,2,sigmoid,91,relu,rmsprop,mean_absolute_error,0.7094175639598201
,win_size,filters_conv_1,kernel_size_conv_1[0],kernel_size_conv_1[1],activation_conv_1,pool_size_1[0],pool_type_1,filters_conv_2,kernel_size_conv_2[0],activation_conv_2,dense_neurons,dense_activation,optimizer,loss,score
0,15,25,3,1,relu,5,average,9,1,sigmoid,31,relu,sgd,mean_absolute_error,0.8913857267264296
,win_size,filters_conv_1,kernel_size_conv_1[0],kernel_size_conv_1[1],activation_conv_1,pool_size_1[0],pool_type_1,filters_conv_2,kernel_size_conv_2[0],activation_conv_2,dense_neurons,dense_activation,optimizer,loss,score
0,17,24,3,1,linear,2,average,9,3,swish,195,relu,rmsprop,mean_absolute_percentage_error,0.6357378573520198
,win_size,filters_conv_1,kernel_size_conv_1[0],kernel_size_conv_1[1],activation_conv_1,pool_size_1[0],pool_type_1,filters_conv_2,kernel_size_conv_2[0],activation_conv_2,dense_neurons,dense_activation,optimizer,loss,score
0,14,27,3,3,linear,2,average,10,5,relu,28,relu,adam,mean_absolute_percentage_error,0.5585936781420854
,win_size,filters_conv_1,kernel_size_conv_1[0],kernel_size_conv_1[1],activation_conv_1,pool_size_1[0],pool_type_1,filters_conv_2,kernel_size_conv_2[0],activation_conv_2,dense_neurons,dense_activation,optimizer,loss,score
0,15,25,3,1,linear,2,average,9,3,relu,159,relu,sgd,mean_absolute_percentage_error,0.9123395610524248
,win_size,filters_conv_1,kernel_size_conv_1[0],kernel_size_conv_1[1],activation_conv_1,pool_size_1[0],pool_type_1,filters_conv_2,kernel_size_conv_2[0],activation_conv_2,dense_neurons,dense_activation,optimizer,loss,score
0,11,27,2,3,linear,2,average,10,4,elu,28,relu,rmsprop,mean_absolute_percentage_error,0.5703320775756534
,win_size,filters_conv_1,kernel_size_conv_1[0],kernel_size_conv_1[1],activation_conv_1,pool_size_1[0],pool_type_1,filters_conv_2,kernel_size_conv_2[0],activation_conv_2,dense_neurons,dense_activation,optimizer,loss,score
0,11,27,2,2,linear,2,average,11,4,relu,37,relu,rmsprop,mean_absolute_percentage_error,0.5314935748745758
,win_size,filters_conv_1,kernel_size_conv_1[0],kernel_size_conv_1[1],activation_conv_1,pool_size_1[0],pool_type_1,filters_conv_2,kernel_size_conv_2[0],activation_conv_2,dense_neurons,dense_activation,optimizer,loss,score
0,27,29,6,2,linear,3,average,11,5,sigmoid,61,linear,adam,mean_absolute_percentage_error,0.9039380288541651
,win_size,filters_conv_1,kernel_size_conv_1[0],kernel_size_conv_1[1],activation_conv_1,pool_size_1[0],pool_type_1,filters_conv_2,kernel_size_conv_2[0],activation_conv_2,dense_neurons,dense_activation,optimizer,loss,score
0,10,28,2,2,linear,2,average,12,2,sigmoid,58,linear,rmsprop,mean_absolute_percentage_error,0.8945791173336806
,win_size,filters_conv_1,kernel_size_conv_1[0],kernel_size_conv_1[1],activation_conv_1,pool_size_1[0],pool_type_1,filters_conv_2,kernel_size_conv_2[0],activation_conv_2,dense_neurons,dense_activation,optimizer,loss,score
0,38,10,5,4,elu,6,average,5,2,sigmoid,11,linear,adam,mean_squared_error,0.8228670590684145
,win_size,filters_conv_1,kernel_size_conv_1[0],kernel_size_conv_1[1],activation_conv_1,pool_size_1[0],pool_type_1,filters_conv_2,kernel_size_conv_2[0],activation_conv_2,dense_neurons,dense_activation,optimizer,loss,score
0,22,16,3,4,swish,6,max,5,2,elu,17,swish,adadelta,mean_absolute_percentage_error,0.6979399179294129
,win_size,filters_conv_1,kernel_size_conv_1[0],kernel_size_conv_1[1],activation_conv_1,pool_size_1[0],pool_type_1,filters_conv_2,kernel_size_conv_2[0],activation_conv_2,dense_neurons,dense_activation,optimizer,loss,score
0,17,24,4,4,swish,4,average,9,1,swish,14,relu,adam,mean_squared_logarithmic_error,0.8031823583569903
,win_size,filters_conv_1,kernel_size_conv_1[0],kernel_size_conv_1[1],activation_conv_1,pool_size_1[0],pool_type_1,filters_conv_2,kernel_size_conv_2[0],activation_conv_2,dense_neurons,dense_activation,optimizer,loss,score
0,25,13,5,3,linear,8,max,6,1,swish,28,sigmoid,sgd,mean_absolute_error,0.7192560100732388
,win_size,filters_conv_1,kernel_size_conv_1[0],kernel_size_conv_1[1],activation_conv_1,pool_size_1[0],pool_type_1,filters_conv_2,kernel_size_conv_2[0],activation_conv_2,dense_neurons,dense_activation,optimizer,loss,score
0,28,14,7,2,linear,1,average,7,3,elu,94,swish,sgd,mean_squared_logarithmic_error,0.8137205179184891
,win_size,filters_conv_1,kernel_size_conv_1[0],kernel_size_conv_1[1],activation_conv_1,pool_size_1[0],pool_type_1,filters_conv_2,kernel_size_conv_2[0],activation_conv_2,dense_neurons,dense_activation,optimizer,loss,score
0,23,25,3,1,relu,9,max,11,1,linear,82,relu,adam,mean_absolute_percentage_error,0.6600597405257707
,win_size,filters_conv_1,kernel_size_conv_1[0],kernel_size_conv_1[1],activation_conv_1,pool_size_1[0],pool_type_1,filters_conv_2,kernel_size_conv_2[0],activation_conv_2,dense_neurons,dense_activation,optimizer,loss,score
0,26,28,4,2,elu,9,max,11,2,swish,32,elu,sgd,mean_squared_error,0.7623749918078849
,win_size,filters_conv_1,kernel_size_conv_1[0],kernel_size_conv_1[1],activation_conv_1,pool_size_1[0],pool_type_1,filters_conv_2,kernel_size_conv_2[0],activation_conv_2,dense_neurons,dense_activation,optimizer,loss,score
0,24,24,8,5,swish,5,max,12,2,tanh,9,relu,adagrad,mean_absolute_error,1.1903741469259566
,win_size,filters_conv_1,kernel_size_conv_1[0],kernel_size_conv_1[1],activation_conv_1,pool_size_1[0],pool_type_1,filters_conv_2,kernel_size_conv_2[0],activation_conv_2,dense_neurons,dense_activation,optimizer,loss,score
0,38,15,2,1,tanh,15,max,5,2,swish,8,sigmoid,rmsprop,mean_squared_error,0.6017312517336278
,win_size,filters_conv_1,kernel_size_conv_1[0],kernel_size_conv_1[1],activation_conv_1,pool_size_1[0],pool_type_1,filters_conv_2,kernel_size_conv_2[0],activation_conv_2,dense_neurons,dense_activation,optimizer,loss,score
0,23,14,4,5,relu,6,max,6,3,elu,5,linear,adadelta,mean_absolute_error,0.9976137210157786
,win_size,filters_conv_1,kernel_size_conv_1[0],kernel_size_conv_1[1],activation_conv_1,pool_size_1[0],pool_type_1,filters_conv_2,kernel_size_conv_2[0],activation_conv_2,dense_neurons,dense_activation,optimizer,loss,score
0,40,20,13,1,tanh,13,average,8,2,relu,21,sigmoid,rmsprop,mean_squared_error,0.9524795885989712
,win_size,filters_conv_1,kernel_size_conv_1[0],kernel_size_conv_1[1],activation_conv_1,pool_size_1[0],pool_type_1,filters_conv_2,kernel_size_conv_2[0],activation_conv_2,dense_neurons,dense_activation,optimizer,loss,score
0,33,19,2,1,sigmoid,16,max,8,1,linear,62,tanh,rmsprop,mean_absolute_percentage_error,0.8145475142297921
,win_size,filters_conv_1,kernel_size_conv_1[0],kernel_size_conv_1[1],activation_conv_1,pool_size_1[0],pool_type_1,filters_conv_2,kernel_size_conv_2[0],activation_conv_2,dense_neurons,dense_activation,optimizer,loss,score
0,16,10,2,4,linear,3,max,5,5,sigmoid,6,sigmoid,adadelta,mean_squared_error,0.971536465473951
,win_size,filters_conv_1,kernel_size_conv_1[0],kernel_size_conv_1[1],activation_conv_1,pool_size_1[0],pool_type_1,filters_conv_2,kernel_size_conv_2[0],activation_conv_2,dense_neurons,dense_activation,optimizer,loss,score
0,11,30,2,1,tanh,1,max,15,7,linear,211,sigmoid,rmsprop,mean_absolute_percentage_error,0.9112644089032421
,win_size,filters_conv_1,kernel_size_conv_1[0],kernel_size_conv_1[1],activation_conv_1,pool_size_1[0],pool_type_1,filters_conv_2,kernel_size_conv_2[0],activation_conv_2,dense_neurons,dense_activation,optimizer,loss,score
0,32,30,9,2,tanh,10,max,15,1,linear,96,relu,rmsprop,mean_absolute_percentage_error,0.4415884008567811
,win_size,filters_conv_1,kernel_size_conv_1[0],kernel_size_conv_1[1],activation_conv_1,pool_size_1[0],pool_type_1,filters_conv_2,kernel_size_conv_2[0],activation_conv_2,dense_neurons,dense_activation,optimizer,loss,score
0,34,17,10,2,tanh,11,max,6,1,tanh,36,tanh,rmsprop,mean_squared_error,0.753115357810066
,win_size,filters_conv_1,kernel_size_conv_1[0],kernel_size_conv_1[1],activation_conv_1,pool_size_1[0],pool_type_1,filters_conv_2,kernel_size_conv_2[0],activation_conv_2,dense_neurons,dense_activation,optimizer,loss,score
0,33,24,9,2,relu,10,max,10,1,linear,55,relu,adam,mean_absolute_percentage_error,0.6817090238254728
,win_size,filters_conv_1,kernel_size_conv_1[0],kernel_size_conv_1[1],activation_conv_1,pool_size_1[0],pool_type_1,filters_conv_2,kernel_size_conv_2[0],activation_conv_2,dense_neurons,dense_activation,optimizer,loss,score
0,32,22,9,2,tanh,12,max,9,1,relu,49,elu,rmsprop,mean_absolute_percentage_error,0.6241682123433685
,win_size,filters_conv_1,kernel_size_conv_1[0],kernel_size_conv_1[1],activation_conv_1,pool_size_1[0],pool_type_1,filters_conv_2,kernel_size_conv_2[0],activation_conv_2,dense_neurons,dense_activation,optimizer,loss,score
0,36,22,11,3,tanh,13,max,7,2,relu,8,elu,rmsprop,mean_squared_logarithmic_error,0.8309490257083111
,win_size,filters_conv_1,kernel_size_conv_1[0],kernel_size_conv_1[1],activation_conv_1,pool_size_1[0],pool_type_1,filters_conv_2,kernel_size_conv_2[0],activation_conv_2,dense_neurons,dense_activation,optimizer,loss,score
0,36,30,11,3,tanh,13,average,15,2,swish,22,sigmoid,adagrad,mean_squared_logarithmic_error,0.8009995929020034
,win_size,filters_conv_1,kernel_size_conv_1[0],kernel_size_conv_1[1],activation_conv_1,pool_size_1[0],pool_type_1,filters_conv_2,kernel_size_conv_2[0],activation_conv_2,dense_neurons,dense_activation,optimizer,loss,score
0,29,27,6,1,sigmoid,8,max,12,3,linear,42,relu,rmsprop,mean_squared_error,0.7489842022858015
,win_size,filters_conv_1,kernel_size_conv_1[0],kernel_size_conv_1[1],activation_conv_1,pool_size_1[0],pool_type_1,filters_conv_2,kernel_size_conv_2[0],activation_conv_2,dense_neurons,dense_activation,optimizer,loss,score
0,29,27,6,1,sigmoid,8,average,13,3,swish,39,relu,adagrad,mean_squared_error,0.7219144072049721
,win_size,filters_conv_1,kernel_size_conv_1[0],kernel_size_conv_1[1],activation_conv_1,pool_size_1[0],pool_type_1,filters_conv_2,kernel_size_conv_2[0],activation_conv_2,dense_neurons,dense_activation,optimizer,loss,score
0,29,18,7,2,tanh,10,max,8,1,relu,46,elu,rmsprop,mean_absolute_percentage_error,0.4742320805276009
,win_size,filters_conv_1,kernel_size_conv_1[0],kernel_size_conv_1[1],activation_conv_1,pool_size_1[0],pool_type_1,filters_conv_2,kernel_size_conv_2[0],activation_conv_2,dense_neurons,dense_activation,optimizer,loss,score
0,31,18,8,2,tanh,11,max,8,1,relu,47,elu,rmsprop,mean_absolute_percentage_error,0.47155025054001304
,win_size,filters_conv_1,kernel_size_conv_1[0],kernel_size_conv_1[1],activation_conv_1,pool_size_1[0],pool_type_1,filters_conv_2,kernel_size_conv_2[0],activation_conv_2,dense_neurons,dense_activation,optimizer,loss,score
0,31,17,7,2,tanh,10,max,6,1,relu,25,elu,rmsprop,mean_absolute_percentage_error,0.5666095445369097
,win_size,filters_conv_1,kernel_size_conv_1[0],kernel_size_conv_1[1],activation_conv_1,pool_size_1[0],pool_type_1,filters_conv_2,kernel_size_conv_2[0],activation_conv_2,dense_neurons,dense_activation,optimizer,loss,score
0,31,19,7,2,tanh,10,max,7,1,relu,46,elu,rmsprop,mean_absolute_percentage_error,0.8354254660077682
,win_size,filters_conv_1,kernel_size_conv_1[0],kernel_size_conv_1[1],activation_conv_1,pool_size_1[0],pool_type_1,filters_conv_2,kernel_size_conv_2[0],activation_conv_2,dense_neurons,dense_activation,optimizer,loss,score
0,27,19,7,3,tanh,7,max,7,1,relu,46,elu,rmsprop,mean_absolute_percentage_error,0.4759746723372496
,win_size,filters_conv_1,kernel_size_conv_1[0],kernel_size_conv_1[1],activation_conv_1,pool_size_1[0],pool_type_1,filters_conv_2,kernel_size_conv_2[0],activation_conv_2,dense_neurons,dense_activation,optimizer,loss,score
0,20,21,6,3,tanh,3,max,8,4,relu,30,elu,rmsprop,mean_absolute_percentage_error,0.5675019327454496
,win_size,filters_conv_1,kernel_size_conv_1[0],kernel_size_conv_1[1],activation_conv_1,pool_size_1[0],pool_type_1,filters_conv_2,kernel_size_conv_2[0],activation_conv_2,dense_neurons,dense_activation,optimizer,loss,score
0,30,12,8,2,elu,9,max,5,1,relu,17,elu,rmsprop,mean_absolute_percentage_error,0.6328538994084358
,win_size,filters_conv_1,kernel_size_conv_1[0],kernel_size_conv_1[1],activation_conv_1,pool_size_1[0],pool_type_1,filters_conv_2,kernel_size_conv_2[0],activation_conv_2,dense_neurons,dense_activation,optimizer,loss,score
0,19,12,6,3,tanh,2,max,5,5,relu,32,elu,rmsprop,mean_absolute_percentage_error,0.5754696427572716
,win_size,filters_conv_1,kernel_size_conv_1[0],kernel_size_conv_1[1],activation_conv_1,pool_size_1[0],pool_type_1,filters_conv_2,kernel_size_conv_2[0],activation_conv_2,dense_neurons,dense_activation,optimizer,loss,score
0,36,17,9,2,elu,11,average,7,1,sigmoid,55,linear,adadelta,mean_absolute_percentage_error,0.9247715783686201
,win_size,filters_conv_1,kernel_size_conv_1[0],kernel_size_conv_1[1],activation_conv_1,pool_size_1[0],pool_type_1,filters_conv_2,kernel_size_conv_2[0],activation_conv_2,dense_neurons,dense_activation,optimizer,loss,score
0,37,18,9,3,elu,11,average,8,1,sigmoid,36,linear,rmsprop,mean_absolute_percentage_error,0.9668375856783987
,win_size,filters_conv_1,kernel_size_conv_1[0],kernel_size_conv_1[1],activation_conv_1,pool_size_1[0],pool_type_1,filters_conv_2,kernel_size_conv_2[0],activation_conv_2,dense_neurons,dense_activation,optimizer,loss,score
0,27,20,8,3,tanh,7,max,9,1,relu,45,elu,rmsprop,mean_absolute_percentage_error,0.6356075421510853
,win_size,filters_conv_1,kernel_size_conv_1[0],kernel_size_conv_1[1],activation_conv_1,pool_size_1[0],pool_type_1,filters_conv_2,kernel_size_conv_2[0],activation_conv_2,dense_neurons,dense_activation,optimizer,loss,score
0,27,19,8,3,tanh,7,max,8,1,relu,37,elu,rmsprop,mean_absolute_percentage_error,0.6986231618066469
,win_size,filters_conv_1,kernel_size_conv_1[0],kernel_size_conv_1[1],activation_conv_1,pool_size_1[0],pool_type_1,filters_conv_2,kernel_size_conv_2[0],activation_conv_2,dense_neurons,dense_activation,optimizer,loss,score
0,27,18,7,4,tanh,7,max,7,1,relu,14,swish,rmsprop,mean_absolute_percentage_error,0.5734406269061263
,win_size,filters_conv_1,kernel_size_conv_1[0],kernel_size_conv_1[1],activation_conv_1,pool_size_1[0],pool_type_1,filters_conv_2,kernel_size_conv_2[0],activation_conv_2,dense_neurons,dense_activation,optimizer,loss,score
0,34,16,5,4,swish,12,max,7,1,tanh,14,swish,adam,mean_absolute_percentage_error,0.4546727330680507
,win_size,filters_conv_1,kernel_size_conv_1[0],kernel_size_conv_1[1],activation_conv_1,pool_size_1[0],pool_type_1,filters_conv_2,kernel_size_conv_2[0],activation_conv_2,dense_neurons,dense_activation,optimizer,loss,score
0,25,22,5,2,swish,5,max,9,2,tanh,68,tanh,sgd,mean_absolute_error,1.078332411257987
,win_size,filters_conv_1,kernel_size_conv_1[0],kernel_size_conv_1[1],activation_conv_1,pool_size_1[0],pool_type_1,filters_conv_2,kernel_size_conv_2[0],activation_conv_2,dense_neurons,dense_activation,optimizer,loss,score
0,34,15,5,4,swish,12,max,6,1,tanh,12,swish,adam,mean_absolute_error,0.8230517394946688
,win_size,filters_conv_1,kernel_size_conv_1[0],kernel_size_conv_1[1],activation_conv_1,pool_size_1[0],pool_type_1,filters_conv_2,kernel_size_conv_2[0],activation_conv_2,dense_neurons,dense_activation,optimizer,loss,score
0,34,16,5,4,swish,12,max,6,1,tanh,12,swish,adam,mean_squared_logarithmic_error,0.7195052581736363
,win_size,filters_conv_1,kernel_size_conv_1[0],kernel_size_conv_1[1],activation_conv_1,pool_size_1[0],pool_type_1,filters_conv_2,kernel_size_conv_2[0],activation_conv_2,dense_neurons,dense_activation,optimizer,loss,score
0,34,16,10,4,swish,10,max,7,1,tanh,19,swish,adam,mean_squared_logarithmic_error,0.8061081039101461
,win_size,filters_conv_1,kernel_size_conv_1[0],kernel_size_conv_1[1],activation_conv_1,pool_size_1[0],pool_type_1,filters_conv_2,kernel_size_conv_2[0],activation_conv_2,dense_neurons,dense_activation,optimizer,loss,score
0,40,15,10,5,swish,9,max,6,1,elu,14,swish,adam,mean_absolute_percentage_error,0.5580635898706429
,win_size,filters_conv_1,kernel_size_conv_1[0],kernel_size_conv_1[1],activation_conv_1,pool_size_1[0],pool_type_1,filters_conv_2,kernel_size_conv_2[0],activation_conv_2,dense_neurons,dense_activation,optimizer,loss,score
0,30,14,4,5,linear,9,average,6,1,elu,13,relu,adam,mean_absolute_percentage_error,0.6061319117264584
,win_size,filters_conv_1,kernel_size_conv_1[0],kernel_size_conv_1[1],activation_conv_1,pool_size_1[0],pool_type_1,filters_conv_2,kernel_size_conv_2[0],activation_conv_2,dense_neurons,dense_activation,optimizer,loss,score
0,29,18,7,2,linear,9,max,7,1,linear,26,relu,adam,mean_absolute_percentage_error,0.6662827730125669
,win_size,filters_conv_1,kernel_size_conv_1[0],kernel_size_conv_1[1],activation_conv_1,pool_size_1[0],pool_type_1,filters_conv_2,kernel_size_conv_2[0],activation_conv_2,dense_neurons,dense_activation,optimizer,loss,score
0,29,18,7,2,relu,10,max,7,1,linear,27,elu,sgd,mean_absolute_percentage_error,0.8924052350473891
,win_size,filters_conv_1,kernel_size_conv_1[0],kernel_size_conv_1[1],activation_conv_1,pool_size_1[0],pool_type_1,filters_conv_2,kernel_size_conv_2[0],activation_conv_2,dense_neurons,dense_activation,optimizer,loss,score
0,32,20,8,3,relu,11,max,8,1,relu,40,elu,sgd,mean_absolute_percentage_error,0.9074845923700177
,win_size,filters_conv_1,kernel_size_conv_1[0],kernel_size_conv_1[1],activation_conv_1,pool_size_1[0],pool_type_1,filters_conv_2,kernel_size_conv_2[0],activation_conv_2,dense_neurons,dense_activation,optimizer,loss,score
0,25,20,6,3,tanh,8,max,8,1,relu,33,elu,adadelta,mean_absolute_percentage_error,0.8846267362862722
,win_size,filters_conv_1,kernel_size_conv_1[0],kernel_size_conv_1[1],activation_conv_1,pool_size_1[0],pool_type_1,filters_conv_2,kernel_size_conv_2[0],activation_conv_2,dense_neurons,dense_activation,optimizer,loss,score
0,26,23,3,3,tanh,5,max,8,2,tanh,51,swish,adadelta,mean_absolute_percentage_error,0.6925819695664586
,win_size,filters_conv_1,kernel_size_conv_1[0],kernel_size_conv_1[1],activation_conv_1,pool_size_1[0],pool_type_1,filters_conv_2,kernel_size_conv_2[0],activation_conv_2,dense_neurons,dense_activation,optimizer,loss,score
0,22,21,3,2,swish,6,max,7,1,sigmoid,84,linear,adagrad,mean_absolute_error,0.841253890401375
,win_size,filters_conv_1,kernel_size_conv_1[0],kernel_size_conv_1[1],activation_conv_1,pool_size_1[0],pool_type_1,filters_conv_2,kernel_size_conv_2[0],activation_conv_2,dense_neurons,dense_activation,optimizer,loss,score
0,23,21,6,2,tanh,6,max,7,1,tanh,79,swish,adagrad,mean_absolute_percentage_error,0.7894367584532626
,win_size,filters_conv_1,kernel_size_conv_1[0],kernel_size_conv_1[1],activation_conv_1,pool_size_1[0],pool_type_1,filters_conv_2,kernel_size_conv_2[0],activation_conv_2,dense_neurons,dense_activation,optimizer,loss,score
0,32,13,8,4,tanh,11,max,5,1,linear,16,tanh,rmsprop,mean_absolute_percentage_error,0.5338689418402208
,win_size,filters_conv_1,kernel_size_conv_1[0],kernel_size_conv_1[1],activation_conv_1,pool_size_1[0],pool_type_1,filters_conv_2,kernel_size_conv_2[0],activation_conv_2,dense_neurons,dense_activation,optimizer,loss,score
0,31,16,8,4,sigmoid,11,max,7,1,linear,16,tanh,rmsprop,mean_absolute_percentage_error,0.6025574208856281
,win_size,filters_conv_1,kernel_size_conv_1[0],kernel_size_conv_1[1],activation_conv_1,pool_size_1[0],pool_type_1,filters_conv_2,kernel_size_conv_2[0],activation_conv_2,dense_neurons,dense_activation,optimizer,loss,score
0,12,16,3,1,sigmoid,4,max,7,1,elu,56,relu,rmsprop,mean_absolute_percentage_error,0.794241605005267
,win_size,filters_conv_1,kernel_size_conv_1[0],kernel_size_conv_1[1],activation_conv_1,pool_size_1[0],pool_type_1,filters_conv_2,kernel_size_conv_2[0],activation_conv_2,dense_neurons,dense_activation,optimizer,loss,score
0,32,10,7,4,tanh,12,max,5,1,linear,15,tanh,rmsprop,mean_absolute_percentage_error,0.5816104231310326
,win_size,filters_conv_1,kernel_size_conv_1[0],kernel_size_conv_1[1],activation_conv_1,pool_size_1[0],pool_type_1,filters_conv_2,kernel_size_conv_2[0],activation_conv_2,dense_neurons,dense_activation,optimizer,loss,score
0,28,13,8,5,tanh,9,max,5,1,linear,6,tanh,rmsprop,mean_absolute_percentage_error,0.5002717227359169
,win_size,filters_conv_1,kernel_size_conv_1[0],kernel_size_conv_1[1],activation_conv_1,pool_size_1[0],pool_type_1,filters_conv_2,kernel_size_conv_2[0],activation_conv_2,dense_neurons,dense_activation,optimizer,loss,score
0,32,13,8,5,tanh,11,max,5,1,linear,6,tanh,rmsprop,mean_absolute_percentage_error,0.49128361769188944
,win_size,filters_conv_1,kernel_size_conv_1[0],kernel_size_conv_1[1],activation_conv_1,pool_size_1[0],pool_type_1,filters_conv_2,kernel_size_conv_2[0],activation_conv_2,dense_neurons,dense_activation,optimizer,loss,score
0,35,11,9,5,tanh,12,max,5,1,relu,7,elu,rmsprop,mean_absolute_percentage_error,0.5931304922987388
,win_size,filters_conv_1,kernel_size_conv_1[0],kernel_size_conv_1[1],activation_conv_1,pool_size_1[0],pool_type_1,filters_conv_2,kernel_size_conv_2[0],activation_conv_2,dense_neurons,dense_activation,optimizer,loss,score
0,28,11,8,5,tanh,9,max,5,1,linear,6,tanh,rmsprop,mean_absolute_percentage_error,0.6052331927406608
,win_size,filters_conv_1,kernel_size_conv_1[0],kernel_size_conv_1[1],activation_conv_1,pool_size_1[0],pool_type_1,filters_conv_2,kernel_size_conv_2[0],activation_conv_2,dense_neurons,dense_activation,optimizer,loss,score
0,38,29,10,2,linear,13,average,10,1,swish,61,sigmoid,rmsprop,mean_squared_logarithmic_error,0.9037081302692518
,win_size,filters_conv_1,kernel_size_conv_1[0],kernel_size_conv_1[1],activation_conv_1,pool_size_1[0],pool_type_1,filters_conv_2,kernel_size_conv_2[0],activation_conv_2,dense_neurons,dense_activation,optimizer,loss,score
0,38,25,9,5,tanh,14,average,10,1,swish,10,relu,rmsprop,mean_absolute_percentage_error,0.6943981865678185
,win_size,filters_conv_1,kernel_size_conv_1[0],kernel_size_conv_1[1],activation_conv_1,pool_size_1[0],pool_type_1,filters_conv_2,kernel_size_conv_2[0],activation_conv_2,dense_neurons,dense_activation,optimizer,loss,score
0,33,19,7,1,tanh,10,max,8,1,relu,49,elu,adam,mean_squared_error,0.8615999366058251
,win_size,filters_conv_1,kernel_size_conv_1[0],kernel_size_conv_1[1],activation_conv_1,pool_size_1[0],pool_type_1,filters_conv_2,kernel_size_conv_2[0],activation_conv_2,dense_neurons,dense_activation,optimizer,loss,score
0,33,19,7,1,tanh,8,max,8,2,relu,49,relu,rmsprop,mean_squared_error,0.8682114051975887
,win_size,filters_conv_1,kernel_size_conv_1[0],kernel_size_conv_1[1],activation_conv_1,pool_size_1[0],pool_type_1,filters_conv_2,kernel_size_conv_2[0],activation_conv_2,dense_neurons,dense_activation,optimizer,loss,score
0,30,17,4,3,relu,8,max,6,2,linear,23,elu,rmsprop,mean_absolute_error,0.9943275084659488
,win_size,filters_conv_1,kernel_size_conv_1[0],kernel_size_conv_1[1],activation_conv_1,pool_size_1[0],pool_type_1,filters_conv_2,kernel_size_conv_2[0],activation_conv_2,dense_neurons,dense_activation,optimizer,loss,score
0,30,13,8,5,tanh,10,max,5,1,linear,6,tanh,rmsprop,mean_absolute_percentage_error,0.5352193950338763
,win_size,filters_conv_1,kernel_size_conv_1[0],kernel_size_conv_1[1],activation_conv_1,pool_size_1[0],pool_type_1,filters_conv_2,kernel_size_conv_2[0],activation_conv_2,dense_neurons,dense_activation,optimizer,loss,score
0,28,13,8,5,tanh,9,max,5,1,linear,6,tanh,rmsprop,mean_absolute_percentage_error,0.7229310795287036
,win_size,filters_conv_1,kernel_size_conv_1[0],kernel_size_conv_1[1],activation_conv_1,pool_size_1[0],pool_type_1,filters_conv_2,kernel_size_conv_2[0],activation_conv_2,dense_neurons,dense_activation,optimizer,loss,score
0,31,14,9,5,tanh,10,max,6,1,linear,5,tanh,rmsprop,mean_absolute_percentage_error,0.5299132925337394
,win_size,filters_conv_1,kernel_size_conv_1[0],kernel_size_conv_1[1],activation_conv_1,pool_size_1[0],pool_type_1,filters_conv_2,kernel_size_conv_2[0],activation_conv_2,dense_neurons,dense_activation,optimizer,loss,score
0,28,14,8,5,tanh,9,max,6,1,linear,5,tanh,rmsprop,mean_absolute_percentage_error,0.5621490765078796
,win_size,filters_conv_1,kernel_size_conv_1[0],kernel_size_conv_1[1],activation_conv_1,pool_size_1[0],pool_type_1,filters_conv_2,kernel_size_conv_2[0],activation_conv_2,dense_neurons,dense_activation,optimizer,loss,score
0,26,15,5,5,elu,10,max,5,1,linear,7,tanh,rmsprop,mean_absolute_percentage_error,0.4602096126530007
,win_size,filters_conv_1,kernel_size_conv_1[0],kernel_size_conv_1[1],activation_conv_1,pool_size_1[0],pool_type_1,filters_conv_2,kernel_size_conv_2[0],activation_conv_2,dense_neurons,dense_activation,optimizer,loss,score
0,26,12,5,2,elu,10,max,5,1,relu,9,elu,rmsprop,mean_absolute_percentage_error,0.5816162574723954
,win_size,filters_conv_1,kernel_size_conv_1[0],kernel_size_conv_1[1],activation_conv_1,pool_size_1[0],pool_type_1,filters_conv_2,kernel_size_conv_2[0],activation_conv_2,dense_neurons,dense_activation,optimizer,loss,score
0,35,15,6,4,elu,14,max,6,1,sigmoid,18,linear,adagrad,mean_absolute_percentage_error,0.83916909146983
,win_size,filters_conv_1,kernel_size_conv_1[0],kernel_size_conv_1[1],activation_conv_1,pool_size_1[0],pool_type_1,filters_conv_2,kernel_size_conv_2[0],activation_conv_2,dense_neurons,dense_activation,optimizer,loss,score
0,24,15,5,2,elu,9,max,5,1,relu,8,elu,adagrad,mean_absolute_percentage_error,0.5711618594381218
,win_size,filters_conv_1,kernel_size_conv_1[0],kernel_size_conv_1[1],activation_conv_1,pool_size_1[0],pool_type_1,filters_conv_2,kernel_size_conv_2[0],activation_conv_2,dense_neurons,dense_activation,optimizer,loss,score
0,35,17,6,4,elu,13,max,7,1,tanh,21,sigmoid,adadelta,mean_squared_logarithmic_error,0.8703667043467825
,win_size,filters_conv_1,kernel_size_conv_1[0],kernel_size_conv_1[1],activation_conv_1,pool_size_1[0],pool_type_1,filters_conv_2,kernel_size_conv_2[0],activation_conv_2,dense_neurons,dense_activation,optimizer,loss,score
0,24,17,5,2,elu,4,max,7,2,tanh,112,sigmoid,sgd,mean_absolute_percentage_error,0.873950889869603
,win_size,filters_conv_1,kernel_size_conv_1[0],kernel_size_conv_1[1],activation_conv_1,pool_size_1[0],pool_type_1,filters_conv_2,kernel_size_conv_2[0],activation_conv_2,dense_neurons,dense_activation,optimizer,loss,score
0,27,16,7,5,swish,7,max,5,1,linear,7,tanh,rmsprop,mean_absolute_percentage_error,0.5577126040503285
,win_size,filters_conv_1,kernel_size_conv_1[0],kernel_size_conv_1[1],activation_conv_1,pool_size_1[0],pool_type_1,filters_conv_2,kernel_size_conv_2[0],activation_conv_2,dense_neurons,dense_activation,optimizer,loss,score
0,26,16,4,5,swish,10,max,5,1,linear,6,tanh,rmsprop,mean_absolute_percentage_error,0.7298415768560914
,win_size,filters_conv_1,kernel_size_conv_1[0],kernel_size_conv_1[1],activation_conv_1,pool_size_1[0],pool_type_1,filters_conv_2,kernel_size_conv_2[0],activation_conv_2,dense_neurons,dense_activation,optimizer,loss,score
0,29,14,4,5,tanh,11,max,5,1,linear,7,tanh,rmsprop,mean_absolute_percentage_error,0.480945976252948
,win_size,filters_conv_1,kernel_size_conv_1[0],kernel_size_conv_1[1],activation_conv_1,pool_size_1[0],pool_type_1,filters_conv_2,kernel_size_conv_2[0],activation_conv_2,dense_neurons,dense_activation,optimizer,loss,score
0,30,14,9,5,tanh,10,max,5,1,linear,7,tanh,rmsprop,mean_absolute_percentage_error,0.5326184623942342
,win_size,filters_conv_1,kernel_size_conv_1[0],kernel_size_conv_1[1],activation_conv_1,pool_size_1[0],pool_type_1,filters_conv_2,kernel_size_conv_2[0],activation_conv_2,dense_neurons,dense_activation,optimizer,loss,score
0,30,18,4,5,tanh,11,max,9,1,linear,7,tanh,rmsprop,mean_absolute_percentage_error,0.519443706425263
,win_size,filters_conv_1,kernel_size_conv_1[0],kernel_size_conv_1[1],activation_conv_1,pool_size_1[0],pool_type_1,filters_conv_2,kernel_size_conv_2[0],activation_conv_2,dense_neurons,dense_activation,optimizer,loss,score
0,31,26,4,3,tanh,11,average,12,1,relu,43,swish,adam,mean_absolute_percentage_error,0.5266183190589188
,win_size,filters_conv_1,kernel_size_conv_1[0],kernel_size_conv_1[1],activation_conv_1,pool_size_1[0],pool_type_1,filters_conv_2,kernel_size_conv_2[0],activation_conv_2,dense_neurons,dense_activation,optimizer,loss,score
0,31,18,4,5,tanh,11,average,9,1,relu,9,swish,adam,mean_absolute_percentage_error,0.4839567364790242
,win_size,filters_conv_1,kernel_size_conv_1[0],kernel_size_conv_1[1],activation_conv_1,pool_size_1[0],pool_type_1,filters_conv_2,kernel_size_conv_2[0],activation_conv_2,dense_neurons,dense_activation,optimizer,loss,score
0,32,19,5,4,sigmoid,12,max,8,1,elu,10,elu,rmsprop,mean_absolute_percentage_error,0.5880758396668198
,win_size,filters_conv_1,kernel_size_conv_1[0],kernel_size_conv_1[1],activation_conv_1,pool_size_1[0],pool_type_1,filters_conv_2,kernel_size_conv_2[0],activation_conv_2,dense_neurons,dense_activation,optimizer,loss,score
0,29,19,5,4,linear,11,average,8,1,relu,10,swish,adam,mean_absolute_error,1.0461518346814844
,win_size,filters_conv_1,kernel_size_conv_1[0],kernel_size_conv_1[1],activation_conv_1,pool_size_1[0],pool_type_1,filters_conv_2,kernel_size_conv_2[0],activation_conv_2,dense_neurons,dense_activation,optimizer,loss,score
0,29,18,4,2,linear,12,average,8,1,relu,45,swish,adam,mean_absolute_error,0.9746958551599176
,win_size,filters_conv_1,kernel_size_conv_1[0],kernel_size_conv_1[1],activation_conv_1,pool_size_1[0],pool_type_1,filters_conv_2,kernel_size_conv_2[0],activation_conv_2,dense_neurons,dense_activation,optimizer,loss,score
0,33,17,3,5,tanh,12,average,7,1,relu,9,swish,adam,mean_absolute_percentage_error,0.6408119486923073
,win_size,filters_conv_1,kernel_size_conv_1[0],kernel_size_conv_1[1],activation_conv_1,pool_size_1[0],pool_type_1,filters_conv_2,kernel_size_conv_2[0],activation_conv_2,dense_neurons,dense_activation,optimizer,loss,score
0,34,18,4,5,tanh,12,average,7,1,relu,8,swish,adam,mean_absolute_percentage_error,0.43280557566049344
,win_size,filters_conv_1,kernel_size_conv_1[0],kernel_size_conv_1[1],activation_conv_1,pool_size_1[0],pool_type_1,filters_conv_2,kernel_size_conv_2[0],activation_conv_2,dense_neurons,dense_activation,optimizer,loss,score
0,34,18,4,5,tanh,13,average,7,1,relu,8,swish,adam,mean_absolute_percentage_error,0.8296907590407344
,win_size,filters_conv_1,kernel_size_conv_1[0],kernel_size_conv_1[1],activation_conv_1,pool_size_1[0],pool_type_1,filters_conv_2,kernel_size_conv_2[0],activation_conv_2,dense_neurons,dense_activation,optimizer,loss,score
0,27,15,4,5,tanh,11,average,6,1,relu,8,relu,adam,mean_absolute_percentage_error,0.5133804034047372
,win_size,filters_conv_1,kernel_size_conv_1[0],kernel_size_conv_1[1],activation_conv_1,pool_size_1[0],pool_type_1,filters_conv_2,kernel_size_conv_2[0],activation_conv_2,dense_neurons,dense_activation,optimizer,loss,score
0,36,21,3,5,tanh,14,average,9,1,relu,11,swish,adam,mean_absolute_percentage_error,0.8113533397307984
,win_size,filters_conv_1,kernel_size_conv_1[0],kernel_size_conv_1[1],activation_conv_1,pool_size_1[0],pool_type_1,filters_conv_2,kernel_size_conv_2[0],activation_conv_2,dense_neurons,dense_activation,optimizer,loss,score
0,37,20,2,2,swish,14,average,9,1,relu,12,swish,adam,mean_absolute_percentage_error,0.6824590057974821
,win_size,filters_conv_1,kernel_size_conv_1[0],kernel_size_conv_1[1],activation_conv_1,pool_size_1[0],pool_type_1,filters_conv_2,kernel_size_conv_2[0],activation_conv_2,dense_neurons,dense_activation,optimizer,loss,score
0,37,20,3,2,swish,13,average,9,1,relu,52,swish,adam,mean_squared_error,0.9089899101960489
,win_size,filters_conv_1,kernel_size_conv_1[0],kernel_size_conv_1[1],activation_conv_1,pool_size_1[0],pool_type_1,filters_conv_2,kernel_size_conv_2[0],activation_conv_2,dense_neurons,dense_activation,optimizer,loss,score
0,31,20,6,5,relu,11,average,8,1,relu,13,swish,adam,mean_absolute_percentage_error,0.4671266703802242
,win_size,filters_conv_1,kernel_size_conv_1[0],kernel_size_conv_1[1],activation_conv_1,pool_size_1[0],pool_type_1,filters_conv_2,kernel_size_conv_2[0],activation_conv_2,dense_neurons,dense_activation,optimizer,loss,score
0,25,18,4,5,tanh,10,average,7,1,sigmoid,8,elu,adadelta,mean_absolute_percentage_error,0.8977872952457021
,win_size,filters_conv_1,kernel_size_conv_1[0],kernel_size_conv_1[1],activation_conv_1,pool_size_1[0],pool_type_1,filters_conv_2,kernel_size_conv_2[0],activation_conv_2,dense_neurons,dense_activation,optimizer,loss,score
0,25,22,6,3,relu,9,average,8,1,sigmoid,34,elu,sgd,mean_squared_logarithmic_error,0.8730328185438117
,win_size,filters_conv_1,kernel_size_conv_1[0],kernel_size_conv_1[1],activation_conv_1,pool_size_1[0],pool_type_1,filters_conv_2,kernel_size_conv_2[0],activation_conv_2,dense_neurons,dense_activation,optimizer,loss,score
0,33,22,6,5,relu,12,average,8,1,relu,13,swish,adam,mean_absolute_percentage_error,0.7027648261216178
,win_size,filters_conv_1,kernel_size_conv_1[0],kernel_size_conv_1[1],activation_conv_1,pool_size_1[0],pool_type_1,filters_conv_2,kernel_size_conv_2[0],activation_conv_2,dense_neurons,dense_activation,optimizer,loss,score
0,31,17,5,5,relu,12,average,7,1,relu,11,swish,adam,mean_absolute_percentage_error,0.5265196165064652
,win_size,filters_conv_1,kernel_size_conv_1[0],kernel_size_conv_1[1],activation_conv_1,pool_size_1[0],pool_type_1,filters_conv_2,kernel_size_conv_2[0],activation_conv_2,dense_neurons,dense_activation,optimizer,loss,score
0,31,17,5,5,relu,11,average,7,1,relu,11,swish,adam,mean_absolute_percentage_error,0.510651151594893
,win_size,filters_conv_1,kernel_size_conv_1[0],kernel_size_conv_1[1],activation_conv_1,pool_size_1[0],pool_type_1,filters_conv_2,kernel_size_conv_2[0],activation_conv_2,dense_neurons,dense_activation,optimizer,loss,score
0,31,19,7,5,relu,11,average,8,1,relu,13,swish,adam,mean_absolute_percentage_error,0.6171033818717638
,win_size,filters_conv_1,kernel_size_conv_1[0],kernel_size_conv_1[1],activation_conv_1,pool_size_1[0],pool_type_1,filters_conv_2,kernel_size_conv_2[0],activation_conv_2,dense_neurons,dense_activation,optimizer,loss,score
0,29,18,4,5,tanh,11,max,8,1,swish,9,linear,adam,mean_absolute_percentage_error,0.5819478528809837
,win_size,filters_conv_1,kernel_size_conv_1[0],kernel_size_conv_1[1],activation_conv_1,pool_size_1[0],pool_type_1,filters_conv_2,kernel_size_conv_2[0],activation_conv_2,dense_neurons,dense_activation,optimizer,loss,score
0,28,19,6,5,tanh,10,average,8,1,swish,9,linear,adam,mean_absolute_percentage_error,0.6638856090424371
,win_size,filters_conv_1,kernel_size_conv_1[0],kernel_size_conv_1[1],activation_conv_1,pool_size_1[0],pool_type_1,filters_conv_2,kernel_size_conv_2[0],activation_conv_2,dense_neurons,dense_activation,optimizer,loss,score
0,34,16,6,2,elu,12,average,7,1,tanh,47,relu,rmsprop,mean_absolute_percentage_error,0.6209718506793849
,win_size,filters_conv_1,kernel_size_conv_1[0],kernel_size_conv_1[1],activation_conv_1,pool_size_1[0],pool_type_1,filters_conv_2,kernel_size_conv_2[0],activation_conv_2,dense_neurons,dense_activation,optimizer,loss,score
0,34,23,5,4,elu,12,max,10,1,tanh,31,relu,rmsprop,mean_absolute_percentage_error,0.7178695807250121
